run_name,mode,orthogonalizer_type,orth_schedule_name,seed,lr_mul,T_ns,fast_steps,stable_steps,pe_T,pe_lower_bound,train_token_budget,benchmark_wall_clock_s,best_val_loss,buffer_post_semi_orth_error,final_val_loss,final_wall_time_s,g_post_semi_orth_error,g_pre_semi_orth_error,peak_allocated_mb,run_dir,status,val_auc_tokens,val_auc_wall
followup4090_20260608_confirm_train_fast5_lr0.5,train,fast,fast5,0,0.5,5,5,0,,,100000000,,4.781275749206543,,4.781275749206543,1093.0392740080133,,,8074,runs/followup4090_20260608_confirm_train_fast5_lr0.5,completed,5.463167491527287,5.4628649579514095
followup4090_20260608_confirm_train_fast5_lr2.0,train,fast,fast5,0,2.0,5,5,0,,,100000000,,4.858344078063965,,4.858344078063965,1096.1091480220202,,,8074,runs/followup4090_20260608_confirm_train_fast5_lr2.0,completed,5.40959087337356,5.409488120300892
followup4090_20260608_confirm_train_fast5_seed1,train,fast,fast5,1,1.0,5,5,0,,,100000000,,4.292106628417969,,4.292106628417969,1095.4252154669957,,,8074,runs/followup4090_20260608_confirm_train_fast5_seed1,completed,4.941901789132849,4.941455152425954
followup4090_20260608_confirm_train_fast5_seed2,train,fast,fast5,2,1.0,5,5,0,,,100000000,,4.292769432067871,,4.292769432067871,1094.6819454189972,,,8074,runs/followup4090_20260608_confirm_train_fast5_seed2,completed,4.943032721758208,4.942656223985668
followup4090_20260608_confirm_train_manual_T9_f4_s5_lr0.5,train,manual,manual_T9_f4_s5,0,0.5,9,4,5,,,100000000,,4.7107133865356445,,4.7107133865356445,1117.4696764809778,,,8074,runs/followup4090_20260608_confirm_train_manual_T9_f4_s5_lr0.5,completed,5.385494173131634,5.385220534022456
followup4090_20260608_confirm_train_manual_T9_f4_s5_lr2.0,train,manual,manual_T9_f4_s5,0,2.0,9,4,5,,,100000000,,5.228549957275391,,5.228549957275391,1118.7116150319926,,,8074,runs/followup4090_20260608_confirm_train_manual_T9_f4_s5_lr2.0,completed,5.720794526129522,5.72072255575823
followup4090_20260608_confirm_train_manual_T9_f4_s5_seed1,train,manual,manual_T9_f4_s5,1,1.0,9,4,5,,,100000000,,4.2998270988464355,,4.2998270988464355,1119.4642843739712,,,8074,runs/followup4090_20260608_confirm_train_manual_T9_f4_s5_seed1,completed,4.932719218523467,4.931894082240725
followup4090_20260608_confirm_train_manual_T9_f4_s5_seed2,train,manual,manual_T9_f4_s5,2,1.0,9,4,5,,,100000000,,4.296641826629639,,4.296641826629639,1118.1788306899834,,,8074,runs/followup4090_20260608_confirm_train_manual_T9_f4_s5_seed2,completed,4.93314517645472,4.932847488754095
followup4090_20260608_confirm_train_pe_T9_l3e-5_lr0.5,train,polar_express,pe_T9_l3e-5,0,0.5,9,,,9,3e-5,100000000,,4.700084686279297,,4.700084686279297,1117.03813038097,,,8074,runs/followup4090_20260608_confirm_train_pe_T9_l3e-5_lr0.5,completed,5.372421307097796,5.371825568277502
followup4090_20260608_confirm_train_pe_T9_l3e-5_lr2.0,train,polar_express,pe_T9_l3e-5,0,2.0,9,,,9,3e-5,100000000,,5.3025898933410645,,5.3025898933410645,1118.0364576299908,,,8074,runs/followup4090_20260608_confirm_train_pe_T9_l3e-5_lr2.0,completed,5.76369310606276,5.763603186644859
followup4090_20260608_confirm_train_pe_T9_l3e-5_seed1,train,polar_express,pe_T9_l3e-5,1,1.0,9,,,9,3e-5,100000000,,4.304651260375977,,4.304651260375977,1118.7566559779807,,,8074,runs/followup4090_20260608_confirm_train_pe_T9_l3e-5_seed1,completed,4.9337165543991555,4.933371371141444
followup4090_20260608_confirm_train_pe_T9_l3e-5_seed2,train,polar_express,pe_T9_l3e-5,2,1.0,9,,,9,3e-5,100000000,,4.298658847808838,,4.298658847808838,1118.846264049993,,,8074,runs/followup4090_20260608_confirm_train_pe_T9_l3e-5_seed2,completed,4.929287080943505,4.929192035257238
followup4090_20260608_primary_benchmark_adamw,benchmark,adamw,adamw,0,1.0,0,,,,,100000000,1039.7320622009574,5.415167331695557,,5.415167331695557,1037.975685307989,,,8380,runs/followup4090_20260608_primary_benchmark_adamw,completed,6.018262997848122,6.017880822832254
followup4090_20260608_primary_benchmark_fast5,benchmark,fast,fast5,0,1.0,5,5,0,,,100000000,1095.099323635979,4.283441543579102,,4.283441543579102,1093.3468388720066,,,8074,runs/followup4090_20260608_primary_benchmark_fast5,completed,4.934324552735172,4.934110348987653
followup4090_20260608_primary_benchmark_manual_T5_f3_s2,benchmark,manual,manual_T5_f3_s2,0,1.0,5,3,2,,,100000000,1099.4226120449603,4.316221714019775,,4.316221714019775,1097.672011017974,,,8074,runs/followup4090_20260608_primary_benchmark_manual_T5_f3_s2,completed,5.027355963925281,5.027137576793485
followup4090_20260608_primary_benchmark_manual_T9_f4_s5,benchmark,manual,manual_T9_f4_s5,0,1.0,9,4,5,,,100000000,1123.5278718250338,4.291531085968018,,4.291531085968018,1121.7778877750388,,,8074,runs/followup4090_20260608_primary_benchmark_manual_T9_f4_s5,completed,4.926594900797649,4.925120807895384
followup4090_20260608_primary_benchmark_pe_T5_l3e-5,benchmark,polar_express,pe_T5_l3e-5,0,1.0,5,,,5,3e-5,100000000,1098.1170568619855,4.310417652130127,,4.310417652130127,1096.3684951709583,,,8074,runs/followup4090_20260608_primary_benchmark_pe_T5_l3e-5,completed,4.943847919244524,4.944896924511999
followup4090_20260608_primary_benchmark_pe_T9_l3e-5,benchmark,polar_express,pe_T9_l3e-5,0,1.0,9,,,9,3e-5,100000000,1119.423267339007,4.29672384262085,,4.29672384262085,1117.6721312320442,,,8074,runs/followup4090_20260608_primary_benchmark_pe_T9_l3e-5,completed,4.92866582915167,4.928332947009496
followup4090_20260608_primary_benchmark_stable5,benchmark,vanilla,stable5,0,1.0,5,0,5,,,100000000,1094.8653661829885,4.53106164932251,,4.53106164932251,1093.1173589020036,,,8074,runs/followup4090_20260608_primary_benchmark_stable5,completed,5.321848611116729,5.321396404829203
followup4090_20260608_primary_spectral_fast5,spectral,fast,fast5,0,1.0,5,5,0,,,100000000,,4.284802436828613,3.4376931845777174,4.284802436828613,1366.2354092840105,0.6444167191369338,3.4914434516023505,8863,runs/followup4090_20260608_primary_spectral_fast5,completed,4.939998647454912,4.924699761817011
followup4090_20260608_primary_spectral_manual_T5_f3_s2,spectral,manual,manual_T5_f3_s2,0,1.0,5,3,2,,,100000000,,4.31784725189209,3.1098055786312924,4.31784725189209,1364.7932133649592,0.6865637011214393,3.1754624304038255,8863,runs/followup4090_20260608_primary_spectral_manual_T5_f3_s2,completed,5.029917439622892,5.0130046385898535
followup4090_20260608_primary_spectral_manual_T9_f4_s5,spectral,manual,manual_T9_f4_s5,0,1.0,9,4,5,,,100000000,,4.293559551239014,3.729708868801327,4.293559551239014,1388.32157478499,0.4431444185502677,3.7884692203948647,8863,runs/followup4090_20260608_primary_spectral_manual_T9_f4_s5,completed,4.927646109058835,4.912147157150033
followup4090_20260608_primary_spectral_pe_T5_l1e-3,spectral,polar_express,pe_T5_l1e-3,0,1.0,5,,,5,1e-3,100000000,,4.288835048675537,4.063129552937354,4.288835048675537,1367.421609527024,0.5451821552982227,4.132626300659377,8863,runs/followup4090_20260608_primary_spectral_pe_T5_l1e-3,completed,4.933553997930912,4.9147125405349605
followup4090_20260608_primary_spectral_pe_T5_l3e-5,spectral,polar_express,pe_T5_l3e-5,0,1.0,5,,,5,3e-5,100000000,,4.3084869384765625,3.3528377649958134,4.3084869384765625,1370.0240432660212,1.1023605807263863,3.3965214630143303,8863,runs/followup4090_20260608_primary_spectral_pe_T5_l3e-5,completed,4.9427334189893735,4.92695248147651
followup4090_20260608_primary_spectral_pe_T9_l3e-5,spectral,polar_express,pe_T9_l3e-5,0,1.0,9,,,9,3e-5,100000000,,4.296097278594971,3.831666235987525,4.296097278594971,1398.7222405089997,0.3780727512416981,3.9035612202649994,8863,runs/followup4090_20260608_primary_spectral_pe_T9_l3e-5,completed,4.930104920822614,4.912783843350871
followup4090_20260608_primary_spectral_stable5,spectral,vanilla,stable5,0,1.0,5,0,5,,,100000000,,4.527134418487549,3.0746397321356302,4.527134418487549,1367.2295929169632,0.9006395621549371,3.1320395122632045,8863,runs/followup4090_20260608_primary_spectral_stable5,completed,5.314604695063518,5.298382476249221
followup4090_20260608_primary_train_adamw,train,adamw,adamw,0,1.0,0,,,,,100000000,,5.373725891113281,,5.373725891113281,1036.60827783501,,,8380,runs/followup4090_20260608_primary_train_adamw,completed,5.967694658192605,5.966636090935807
followup4090_20260608_primary_train_fast5,train,fast,fast5,0,1.0,5,5,0,,,100000000,,4.282754898071289,,4.282754898071289,1097.4632982939947,,,8074,runs/followup4090_20260608_primary_train_fast5,completed,4.934028215995594,4.932719047354009
followup4090_20260608_primary_train_manual_T10_f5_s5,train,manual,manual_T10_f5_s5,0,1.0,10,5,5,,,100000000,,4.294905662536621,,4.294905662536621,1131.7841184489662,,,8074,runs/followup4090_20260608_primary_train_manual_T10_f5_s5,completed,4.9281564901471935,4.92758256265366
followup4090_20260608_primary_train_manual_T5_f3_s2,train,manual,manual_T5_f3_s2,0,1.0,5,3,2,,,100000000,,4.317646026611328,,4.317646026611328,1095.565866518009,,,8074,runs/followup4090_20260608_primary_train_manual_T5_f3_s2,completed,5.02954731025849,5.029508432956429
followup4090_20260608_primary_train_manual_T7_f4_s3,train,manual,manual_T7_f4_s3,0,1.0,7,4,3,,,100000000,,4.2873053550720215,,4.2873053550720215,1107.6553914160468,,,8074,runs/followup4090_20260608_primary_train_manual_T7_f4_s3,completed,4.9312478129962685,4.9308402456535045
followup4090_20260608_primary_train_manual_T8_f5_s3,train,manual,manual_T8_f5_s3,0,1.0,8,5,3,,,100000000,,4.289019584655762,,4.289019584655762,1119.0736291460344,,,8074,runs/followup4090_20260608_primary_train_manual_T8_f5_s3,completed,4.92530900535175,4.924760178372931
followup4090_20260608_primary_train_manual_T9_f3_s6,train,manual,manual_T9_f3_s6,0,1.0,9,3,6,,,100000000,,4.288732528686523,,4.288732528686523,1118.567274490022,,,8074,runs/followup4090_20260608_primary_train_manual_T9_f3_s6,completed,4.927094819555321,4.926855509386968
followup4090_20260608_primary_train_manual_T9_f4_s5,train,manual,manual_T9_f4_s5,0,1.0,9,4,5,,,100000000,,4.292259216308594,,4.292259216308594,1118.1412395319785,,,8074,runs/followup4090_20260608_primary_train_manual_T9_f4_s5,completed,4.9267657588284655,4.926453155981534
followup4090_20260608_primary_train_manual_T9_f5_s4,train,manual,manual_T9_f5_s4,0,1.0,9,5,4,,,100000000,,4.294699668884277,,4.294699668884277,1118.8696195600205,,,8074,runs/followup4090_20260608_primary_train_manual_T9_f5_s4,completed,4.928586401613841,4.928035350897588
followup4090_20260608_primary_train_manual_T9_f9_s0,train,manual,manual_T9_f9_s0,0,1.0,9,9,0,,,100000000,,4.297092437744141,,4.297092437744141,1120.003914520028,,,8074,runs/followup4090_20260608_primary_train_manual_T9_f9_s0,completed,4.930750994637629,4.930336132398845
followup4090_20260608_primary_train_pe_T10_l3e-5,train,polar_express,pe_T10_l3e-5,0,1.0,10,,,10,3e-5,100000000,,4.294432163238525,,4.294432163238525,1123.1882292159717,,,8074,runs/followup4090_20260608_primary_train_pe_T10_l3e-5,completed,4.927798711950361,4.927869367174463
followup4090_20260608_primary_train_pe_T5_l1e-3,train,polar_express,pe_T5_l1e-3,0,1.0,5,,,5,1e-3,100000000,,4.290225505828857,,4.290225505828857,1094.6336114950245,,,8074,runs/followup4090_20260608_primary_train_pe_T5_l1e-3,completed,4.933800463057267,4.934509602845206
followup4090_20260608_primary_train_pe_T5_l3e-3,train,polar_express,pe_T5_l3e-3,0,1.0,5,,,5,3e-3,100000000,,4.287261009216309,,4.287261009216309,1095.87925855699,,,8074,runs/followup4090_20260608_primary_train_pe_T5_l3e-3,completed,4.946200279187326,4.946067529801915
followup4090_20260608_primary_train_pe_T5_l3e-4,train,polar_express,pe_T5_l3e-4,0,1.0,5,,,5,3e-4,100000000,,4.29978084564209,,4.29978084564209,1098.2815923999879,,,8074,runs/followup4090_20260608_primary_train_pe_T5_l3e-4,completed,4.934897737490285,4.93458321621285
followup4090_20260608_primary_train_pe_T5_l3e-5,train,polar_express,pe_T5_l3e-5,0,1.0,5,,,5,3e-5,100000000,,4.3125176429748535,,4.3125176429748535,1094.9732009550207,,,8074,runs/followup4090_20260608_primary_train_pe_T5_l3e-5,completed,4.947869915879235,4.947578862519364
followup4090_20260608_primary_train_pe_T9_l3e-5,train,polar_express,pe_T9_l3e-5,0,1.0,9,,,9,3e-5,100000000,,4.296119213104248,,4.296119213104248,1124.875766155019,,,8074,runs/followup4090_20260608_primary_train_pe_T9_l3e-5,completed,4.928502700095835,4.928142344555477
followup4090_20260608_primary_train_stable5,train,vanilla,stable5,0,1.0,5,0,5,,,100000000,,4.527259349822998,,4.527259349822998,1095.1821671770304,,,8074,runs/followup4090_20260608_primary_train_stable5,completed,5.316558951514472,5.3161912128008595
